"Cod birou electoral",Județ,Uat,Siruta,Localitate,Secție,Nr,Tip,Versiune,a,b,b1,b2,b3,c,d,e,f,g1,g2,g3,g4,g5,g6,g7,g8,g9,g10,g11,g12,g13,g14
43,"MUNICIPIUL BUCUREŞTI - SECTOR 2","MUNICIPIUL BUCUREŞTI",179132,"BUCUREŞTI SECTORUL 2","ŞCOALA GIMNAZIALĂ NR. 28",167,"Alegeri Prezidentiale",1,1628,993,782,181,30,979,14,2000,1007,305,84,253,7,169,8,1,2,3,115,3,23,1,5
43,"MUNICIPIUL BUCUREŞTI - SECTOR 2","MUNICIPIUL BUCUREŞTI",179132,"BUCUREŞTI SECTORUL 2","ŞCOALA GIMNAZIALĂ NR. 28",168,"Alegeri Prezidentiale",1,1166,942,604,175,163,926,16,1419,477,334,71,241,3,138,6,2,1,0,95,5,22,2,6
43,"MUNICIPIUL BUCUREŞTI - SECTOR 2","MUNICIPIUL BUCUREŞTI",179132,"BUCUREŞTI SECTORUL 2","ŞCOALA GIMNAZIALĂ NR. 28",169,"Alegeri Prezidentiale",1,1352,1005,655,162,188,992,13,1600,595,293,85,230,5,213,4,1,5,2,119,7,16,2,10
43,"MUNICIPIUL BUCUREŞTI - SECTOR 2","MUNICIPIUL BUCUREŞTI",179132,"BUCUREŞTI SECTORUL 2","ŞCOALA GIMNAZIALĂ ”MARIA ROSETTI”",170,"Alegeri Prezidentiale",1,1708,1057,917,138,2,1043,14,1800,743,358,96,281,4,146,5,5,2,2,115,9,16,2,2
43,"MUNICIPIUL BUCUREŞTI - SECTOR 2","MUNICIPIUL BUCUREŞTI",179132,"BUCUREŞTI SECTORUL 2","ŞCOALA GIMNAZIALĂ ”MARIA ROSETTI”",171,"Alegeri Prezidentiale",1,922,592,492,100,0,585,7,1000,408,154,60,186,0,92,0,0,1,1,66,1,14,5,5
43,"MUNICIPIUL BUCUREŞTI - SECTOR 2","MUNICIPIUL BUCUREŞTI",179132,"BUCUREŞTI SECTORUL 2","ŞCOALA GIMNAZIALĂ ”MARIA ROSETTI”",172,"Alegeri Prezidentiale",1,930,579,430,149,0,578,1,1000,421,198,56,157,0,84,1,2,1,2,60,1,7,5,4
43,"MUNICIPIUL BUCUREŞTI - SECTOR 2","MUNICIPIUL BUCUREŞTI",179132,"BUCUREŞTI SECTORUL 2","LICEUL TEORETIC ”C.A. ROSETTI ”",173,"Alegeri Prezidentiale",1,1051,695,541,153,1,684,11,1200,505,227,69,154,3,119,3,5,2,2,70,3,15,7,5
43,"MUNICIPIUL BUCUREŞTI - SECTOR 2","MUNICIPIUL BUCUREŞTI",179132,"BUCUREŞTI SECTORUL 2","LICEUL TEORETIC ”C.A. ROSETTI ”",174,"Alegeri Prezidentiale",1,1647,885,813,72,0,882,3,1796,911,295,77,259,1,125,1,5,2,1,70,5,26,10,5
43,"MUNICIPIUL BUCUREŞTI - SECTOR 2","MUNICIPIUL BUCUREŞTI",179132,"BUCUREŞTI SECTORUL 2","LICEUL TEORETIC ”C.A. ROSETTI ”",175,"Alegeri Prezidentiale",1,1522,776,700,76,0,766,10,1800,1024,271,84,167,3,120,1,2,1,1,87,7,11,6,5
43,"MUNICIPIUL BUCUREŞTI - SECTOR 2","MUNICIPIUL BUCUREŞTI",179132,"BUCUREŞTI SECTORUL 2","LICEUL TEORETIC ”TRAIAN”",176,"Alegeri Prezidentiale",1,1866,1042,920,121,1,1022,20,2200,1158,330,97,259,1,160,6,2,3,3,107,7,24,6,17
43,"MUNICIPIUL BUCUREŞTI - SECTOR 2","MUNICIPIUL BUCUREŞTI",179132,"BUCUREŞTI SECTORUL 2","LICEUL TEORETIC ”TRAIAN”",177,"Alegeri Prezidentiale",1,1876,1000,899,101,0,990,10,2000,1000,318,86,275,2,133,5,4,2,3,114,14,21,3,10
43,"MUNICIPIUL BUCUREŞTI - SECTOR 2","MUNICIPIUL BUCUREŞTI",179132,"BUCUREŞTI SECTORUL 2","LICEUL TEORETIC ”TRAIAN”",178,"Alegeri Prezidentiale",1,1877,899,828,71,0,886,13,2000,1101,277,69,220,3,161,6,2,1,1,104,4,21,10,7
43,"MUNICIPIUL BUCUREŞTI - SECTOR 2","MUNICIPIUL BUCUREŞTI",179132,"BUCUREŞTI SECTORUL 2","LICEUL TEORETIC ”TRAIAN”",179,"Alegeri Prezidentiale",1,1879,1080,964,115,1,1073,7,2000,920,367,91,279,6,156,1,4,5,1,119,10,25,3,6
43,"MUNICIPIUL BUCUREŞTI - SECTOR 2","MUNICIPIUL BUCUREŞTI",179132,"BUCUREŞTI SECTORUL 2","ŞCOALA GIMNAZIALĂ NR. 31",180,"Alegeri Prezidentiale",1,1524,1048,706,342,0,1040,8,1800,752,334,59,293,5,189,0,1,5,1,106,5,31,0,11
43,"MUNICIPIUL BUCUREŞTI - SECTOR 2","MUNICIPIUL BUCUREŞTI",179132,"BUCUREŞTI SECTORUL 2","ŞCOALA GIMNAZIALĂ NR. 31",181,"Alegeri Prezidentiale",1,1931,1070,931,139,0,1056,14,2000,930,352,84,262,3,185,2,4,2,2,118,7,24,1,10
43,"MUNICIPIUL BUCUREŞTI - SECTOR 2","MUNICIPIUL BUCUREŞTI",179132,"BUCUREŞTI SECTORUL 2","ŞCOALA GIMNAZIALĂ NR. 31",182,"Alegeri Prezidentiale",1,1712,921,780,139,2,903,18,1800,875,280,82,240,3,147,3,8,1,1,93,2,24,2,17
43,"MUNICIPIUL BUCUREŞTI - SECTOR 2","MUNICIPIUL BUCUREŞTI",179132,"BUCUREŞTI SECTORUL 2","ŞCOALA GIMNAZIALĂ NR. 31",183,"Alegeri Prezidentiale",1,1681,925,792,133,0,915,10,1800,875,303,76,236,1,157,2,3,3,1,94,6,18,7,8
43,"MUNICIPIUL BUCUREŞTI - SECTOR 2","MUNICIPIUL BUCUREŞTI",179132,"BUCUREŞTI SECTORUL 2","ŞCOALA GIMNAZIALĂ NR. 31",184,"Alegeri Prezidentiale",1,1829,1056,792,264,0,1033,23,2000,944,367,114,293,0,127,1,6,0,1,90,2,19,4,9
43,"MUNICIPIUL BUCUREŞTI - SECTOR 2","MUNICIPIUL BUCUREŞTI",179132,"BUCUREŞTI SECTORUL 2","UNIVERSITATEA TEHNICĂ DE CONSTRUCŢII BUCUREŞTI",185,"Alegeri Prezidentiale",1,1754,1063,921,106,36,1051,12,2000,937,356,79,261,3,185,2,3,0,3,131,6,14,4,4
43,"MUNICIPIUL BUCUREŞTI - SECTOR 2","MUNICIPIUL BUCUREŞTI",179132,"BUCUREŞTI SECTORUL 2","UNIVERSITATEA TEHNICĂ DE CONSTRUCŢII BUCUREŞTI",186,"Alegeri Prezidentiale",1,1761,843,728,115,0,826,17,2000,1157,258,54,190,0,182,1,6,3,1,89,5,16,4,17
43,"MUNICIPIUL BUCUREŞTI - SECTOR 2","MUNICIPIUL BUCUREŞTI",179132,"BUCUREŞTI SECTORUL 2","UNIVERSITATEA TEHNICĂ DE CONSTRUCŢII BUCUREŞTI",187,"Alegeri Prezidentiale",1,1626,865,670,195,0,852,13,1800,935,284,82,240,0,117,1,1,1,0,82,5,25,2,12
43,"MUNICIPIUL BUCUREŞTI - SECTOR 2","MUNICIPIUL BUCUREŞTI",179132,"BUCUREŞTI SECTORUL 2","UNIVERSITATEA TEHNICĂ DE CONSTRUCŢII BUCUREŞTI",188,"Alegeri Prezidentiale",1,1688,820,748,72,0,815,5,2000,1180,261,68,221,1,110,7,4,0,0,97,6,29,5,6
43,"MUNICIPIUL BUCUREŞTI - SECTOR 2","MUNICIPIUL BUCUREŞTI",179132,"BUCUREŞTI SECTORUL 2","UNIVERSITATEA TEHNICĂ DE CONSTRUCŢII BUCUREŞTI",189,"Alegeri Prezidentiale",1,1786,955,788,167,0,942,13,2000,1045,319,77,248,1,146,4,1,4,0,93,7,31,6,5
43,"MUNICIPIUL BUCUREŞTI - SECTOR 2","MUNICIPIUL BUCUREŞTI",179132,"BUCUREŞTI SECTORUL 2","UNIVERSITATEA TEHNICĂ DE CONSTRUCŢII BUCUREŞTI",190,"Alegeri Prezidentiale",1,1884,895,848,47,0,887,8,2000,1105,274,75,206,1,150,2,10,5,3,118,9,16,2,16
43,"MUNICIPIUL BUCUREŞTI - SECTOR 2","MUNICIPIUL BUCUREŞTI",179132,"BUCUREŞTI SECTORUL 2","UNIVERSITATEA TEHNICĂ DE CONSTRUCŢII BUCUREŞTI",191,"Alegeri Prezidentiale",1,1577,696,667,29,0,683,13,1800,1104,215,47,191,2,114,2,5,2,0,80,3,13,1,8
43,"MUNICIPIUL BUCUREŞTI - SECTOR 2","MUNICIPIUL BUCUREŞTI",179132,"BUCUREŞTI SECTORUL 2","UNIVERSITATEA TEHNICĂ DE CONSTRUCŢII BUCUREŞTI",192,"Alegeri Prezidentiale",1,1319,557,444,113,0,550,7,1600,1043,199,37,142,0,68,0,6,2,1,64,6,8,6,11
43,"MUNICIPIUL BUCUREŞTI - SECTOR 2","MUNICIPIUL BUCUREŞTI",179132,"BUCUREŞTI SECTORUL 2","UNIVERSITATEA TEHNICĂ DE CONSTRUCŢII BUCUREŞTI",193,"Alegeri Prezidentiale",1,1677,933,818,115,0,923,10,2000,1067,316,75,239,4,148,1,4,3,1,105,3,16,0,8
43,"MUNICIPIUL BUCUREŞTI - SECTOR 2","MUNICIPIUL BUCUREŞTI",179132,"BUCUREŞTI SECTORUL 2","UNIVERSITATEA TEHNICĂ DE CONSTRUCŢII BUCUREŞTI",194,"Alegeri Prezidentiale",1,1707,705,600,105,0,696,9,2000,1295,220,50,189,0,120,5,0,4,1,71,4,17,4,11
43,"MUNICIPIUL BUCUREŞTI - SECTOR 2","MUNICIPIUL BUCUREŞTI",179132,"BUCUREŞTI SECTORUL 2","LICEUL TEHNOLOGIC CONSTANTIN BRÂNCUŞI",195,"Alegeri Prezidentiale",1,1031,762,395,367,0,754,8,1400,638,243,44,256,5,96,7,6,2,3,52,5,23,1,11
43,"MUNICIPIUL BUCUREŞTI - SECTOR 2","MUNICIPIUL BUCUREŞTI",179132,"BUCUREŞTI SECTORUL 2","ŞCOALA GIMNAZIALĂ NR. 27",196,"Alegeri Prezidentiale",1,1540,858,620,238,0,849,9,1800,942,266,72,254,2,117,1,1,2,4,91,1,21,3,14
43,"MUNICIPIUL BUCUREŞTI - SECTOR 2","MUNICIPIUL BUCUREŞTI",179132,"BUCUREŞTI SECTORUL 2","ŞCOALA GIMNAZIALĂ NR. 27",197,"Alegeri Prezidentiale",1,1532,924,734,190,0,916,8,1600,676,309,64,231,0,174,5,6,3,2,90,8,16,3,5
43,"MUNICIPIUL BUCUREŞTI - SECTOR 2","MUNICIPIUL BUCUREŞTI",179132,"BUCUREŞTI SECTORUL 2","ŞCOALA GIMNAZIALĂ NR. 27",198,"Alegeri Prezidentiale",1,1257,856,588,268,0,851,5,1400,544,281,59,249,2,127,1,3,1,0,93,9,19,5,2
43,"MUNICIPIUL BUCUREŞTI - SECTOR 2","MUNICIPIUL BUCUREŞTI",179132,"BUCUREŞTI SECTORUL 2","ŞCOALA GIMNAZIALĂ NR. 27",199,"Alegeri Prezidentiale",1,1336,740,645,95,0,734,6,1400,660,231,70,183,4,119,0,2,4,1,83,9,19,6,3
43,"MUNICIPIUL BUCUREŞTI - SECTOR 2","MUNICIPIUL BUCUREŞTI",179132,"BUCUREŞTI SECTORUL 2","ŞCOALA GIMNAZIALĂ NR. 27",200,"Alegeri Prezidentiale",1,1060,601,535,66,0,595,6,1200,599,227,37,163,1,90,0,3,2,0,46,3,19,2,2
43,"MUNICIPIUL BUCUREŞTI - SECTOR 2","MUNICIPIUL BUCUREŞTI",179132,"BUCUREŞTI SECTORUL 2","ŞCOALA GIMNAZIALĂ ”GRIGORE GHICA VOIEVOD”",201,"Alegeri Prezidentiale",1,1760,972,829,143,0,963,9,2000,1028,319,70,232,2,156,4,5,1,3,129,7,21,5,9
43,"MUNICIPIUL BUCUREŞTI - SECTOR 2","MUNICIPIUL BUCUREŞTI",179132,"BUCUREŞTI SECTORUL 2","ŞCOALA GIMNAZIALĂ ”GRIGORE GHICA VOIEVOD”",202,"Alegeri Prezidentiale",1,1543,862,726,136,0,853,9,1600,738,245,65,241,6,152,4,4,2,1,86,8,23,6,10
43,"MUNICIPIUL BUCUREŞTI - SECTOR 2","MUNICIPIUL BUCUREŞTI",179132,"BUCUREŞTI SECTORUL 2","ŞCOALA GIMNAZIALĂ ”GRIGORE GHICA VOIEVOD”",203,"Alegeri Prezidentiale",1,1875,961,865,96,0,941,20,2000,1039,302,66,187,2,222,3,3,3,1,118,6,20,1,7
43,"MUNICIPIUL BUCUREŞTI - SECTOR 2","MUNICIPIUL BUCUREŞTI",179132,"BUCUREŞTI SECTORUL 2","ŞCOALA GIMNAZIALĂ ”GRIGORE GHICA VOIEVOD”",204,"Alegeri Prezidentiale",1,1845,913,813,100,0,900,13,2000,1087,300,65,183,4,156,9,3,4,3,111,4,36,9,13
43,"MUNICIPIUL BUCUREŞTI - SECTOR 2","MUNICIPIUL BUCUREŞTI",179132,"BUCUREŞTI SECTORUL 2","ŞCOALA GIMNAZIALĂ ”GRIGORE GHICA VOIEVOD”",205,"Alegeri Prezidentiale",1,1642,873,821,52,0,862,11,1800,927,313,70,177,0,162,2,2,4,2,104,3,18,1,4
43,"MUNICIPIUL BUCUREŞTI - SECTOR 2","MUNICIPIUL BUCUREŞTI",179132,"BUCUREŞTI SECTORUL 2","ŞCOALA GIMNAZIALĂ ”GRIGORE GHICA VOIEVOD”",206,"Alegeri Prezidentiale",1,1445,687,640,47,0,668,19,1600,913,220,46,153,0,125,2,0,2,2,87,6,13,4,8
43,"MUNICIPIUL BUCUREŞTI - SECTOR 2","MUNICIPIUL BUCUREŞTI",179132,"BUCUREŞTI SECTORUL 2","ŞCOALA GIMNAZIALĂ ”GRIGORE GHICA VOIEVOD”",207,"Alegeri Prezidentiale",1,1704,699,641,56,2,687,12,1800,1101,225,47,149,0,148,1,2,1,3,82,0,18,4,7
43,"MUNICIPIUL BUCUREŞTI - SECTOR 2","MUNICIPIUL BUCUREŞTI",179132,"BUCUREŞTI SECTORUL 2","GRĂDINIŢA NR. 233",208,"Alegeri Prezidentiale",1,1403,754,695,59,0,738,16,1600,846,263,50,182,1,123,1,2,0,2,79,8,17,1,9
43,"MUNICIPIUL BUCUREŞTI - SECTOR 2","MUNICIPIUL BUCUREŞTI",179132,"BUCUREŞTI SECTORUL 2","GRĂDINIŢA NR. 233",209,"Alegeri Prezidentiale",1,1266,770,651,119,0,764,6,1400,630,234,61,203,2,143,2,2,0,2,92,3,10,5,5
43,"MUNICIPIUL BUCUREŞTI - SECTOR 2","MUNICIPIUL BUCUREŞTI",179132,"BUCUREŞTI SECTORUL 2","ŞCOALA GIMNAZIALĂ NR. 39",210,"Alegeri Prezidentiale",1,1638,946,841,105,0,933,13,1800,854,314,69,216,1,171,2,3,5,1,108,10,12,8,13
43,"MUNICIPIUL BUCUREŞTI - SECTOR 2","MUNICIPIUL BUCUREŞTI",179132,"BUCUREŞTI SECTORUL 2","ŞCOALA GIMNAZIALĂ NR. 39",211,"Alegeri Prezidentiale",1,1378,782,670,112,0,772,10,1400,618,272,53,150,2,146,3,2,0,0,102,5,24,4,9
43,"MUNICIPIUL BUCUREŞTI - SECTOR 2","MUNICIPIUL BUCUREŞTI",179132,"BUCUREŞTI SECTORUL 2","ŞCOALA GIMNAZIALĂ NR. 39",212,"Alegeri Prezidentiale",1,1642,627,581,46,0,619,8,1800,1173,226,45,118,2,107,3,0,0,0,68,6,26,5,13
43,"MUNICIPIUL BUCUREŞTI - SECTOR 2","MUNICIPIUL BUCUREŞTI",179132,"BUCUREŞTI SECTORUL 2","ŞCOALA GIMNAZIALĂ NR. 39",213,"Alegeri Prezidentiale",1,1520,746,677,69,0,740,6,1600,854,232,63,166,1,135,4,6,1,1,86,8,19,7,11
43,"MUNICIPIUL BUCUREŞTI - SECTOR 2","MUNICIPIUL BUCUREŞTI",179132,"BUCUREŞTI SECTORUL 2","ŞCOALA GIMNAZIALĂ NR. 39",214,"Alegeri Prezidentiale",1,1587,818,770,48,0,813,5,1600,782,296,73,147,0,152,1,2,5,0,94,5,21,5,12
43,"MUNICIPIUL BUCUREŞTI - SECTOR 2","MUNICIPIUL BUCUREŞTI",179132,"BUCUREŞTI SECTORUL 2","ŞCOALA GIMNAZIALĂ NR. 39",215,"Alegeri Prezidentiale",1,1656,730,689,41,0,722,8,1800,1070,258,44,155,1,122,6,0,2,0,101,6,20,5,2
43,"MUNICIPIUL BUCUREŞTI - SECTOR 2","MUNICIPIUL BUCUREŞTI",179132,"BUCUREŞTI SECTORUL 2","ŞCOALA GIMNAZIALĂ NR. 39",216,"Alegeri Prezidentiale",1,1571,691,649,42,0,682,9,1600,909,197,49,165,1,146,2,5,3,0,88,6,13,2,5
43,"MUNICIPIUL BUCUREŞTI - SECTOR 2","MUNICIPIUL BUCUREŞTI",179132,"BUCUREŞTI SECTORUL 2","ŞCOALA GIMNAZIALĂ NR. 40",217,"Alegeri Prezidentiale",1,1722,718,668,50,0,703,15,2000,1282,275,45,107,1,113,2,1,2,4,110,7,22,3,11
43,"MUNICIPIUL BUCUREŞTI - SECTOR 2","MUNICIPIUL BUCUREŞTI",179132,"BUCUREŞTI SECTORUL 2","ŞCOALA GIMNAZIALĂ NR. 40",218,"Alegeri Prezidentiale",1,1735,841,791,50,0,827,14,1800,959,272,60,144,2,183,1,2,7,1,94,7,23,6,25
43,"MUNICIPIUL BUCUREŞTI - SECTOR 2","MUNICIPIUL BUCUREŞTI",179132,"BUCUREŞTI SECTORUL 2","ŞCOALA GIMNAZIALĂ NR. 40",219,"Alegeri Prezidentiale",1,1728,828,803,25,0,816,12,1800,972,276,59,162,1,170,3,0,2,5,95,4,19,7,13
43,"MUNICIPIUL BUCUREŞTI - SECTOR 2","MUNICIPIUL BUCUREŞTI",179132,"BUCUREŞTI SECTORUL 2","ŞCOALA GIMNAZIALĂ NR. 40",220,"Alegeri Prezidentiale",1,1626,698,669,29,0,677,21,1800,1102,235,31,150,4,114,3,2,0,2,93,4,20,3,16
43,"MUNICIPIUL BUCUREŞTI - SECTOR 2","MUNICIPIUL BUCUREŞTI",179132,"BUCUREŞTI SECTORUL 2","ŞCOALA GIMNAZIALĂ NR. 40",221,"Alegeri Prezidentiale",1,1956,888,865,23,0,874,14,2000,1112,313,45,162,1,179,4,2,3,2,102,10,24,2,25
43,"MUNICIPIUL BUCUREŞTI - SECTOR 2","MUNICIPIUL BUCUREŞTI",179132,"BUCUREŞTI SECTORUL 2","ŞCOALA GIMNAZIALĂ NR. 40",222,"Alegeri Prezidentiale",1,1914,815,780,35,0,805,10,2000,1185,262,75,160,1,129,2,6,4,1,93,11,34,5,22
43,"MUNICIPIUL BUCUREŞTI - SECTOR 2","MUNICIPIUL BUCUREŞTI",179132,"BUCUREŞTI SECTORUL 2","ŞCOALA GIMNAZIALĂ NR. 41",223,"Alegeri Prezidentiale",1,1658,715,678,36,1,704,11,1800,1085,201,40,128,4,175,2,1,4,3,87,5,24,8,22
43,"MUNICIPIUL BUCUREŞTI - SECTOR 2","MUNICIPIUL BUCUREŞTI",179132,"BUCUREŞTI SECTORUL 2","ŞCOALA GIMNAZIALĂ NR. 41",224,"Alegeri Prezidentiale",1,1941,843,786,57,0,834,9,2000,1157,269,50,134,6,172,5,5,3,2,123,7,33,9,16
43,"MUNICIPIUL BUCUREŞTI - SECTOR 2","MUNICIPIUL BUCUREŞTI",179132,"BUCUREŞTI SECTORUL 2","ŞCOALA GIMNAZIALĂ NR. 41",225,"Alegeri Prezidentiale",1,1932,921,867,54,0,913,8,2000,1079,300,73,160,1,172,2,2,3,4,135,10,23,12,16
43,"MUNICIPIUL BUCUREŞTI - SECTOR 2","MUNICIPIUL BUCUREŞTI",179132,"BUCUREŞTI SECTORUL 2","ŞCOALA GIMNAZIALĂ NR. 32",226,"Alegeri Prezidentiale",1,1736,827,693,81,53,817,10,2000,1173,254,55,162,1,170,2,4,3,2,103,4,26,11,20
43,"MUNICIPIUL BUCUREŞTI - SECTOR 2","MUNICIPIUL BUCUREŞTI",179132,"BUCUREŞTI SECTORUL 2","ŞCOALA GIMNAZIALĂ NR. 32",227,"Alegeri Prezidentiale",1,1671,955,780,7,168,944,11,1800,845,335,73,169,0,183,1,3,1,2,124,7,28,4,14
43,"MUNICIPIUL BUCUREŞTI - SECTOR 2","MUNICIPIUL BUCUREŞTI",179132,"BUCUREŞTI SECTORUL 2","ŞCOALA GIMNAZIALĂ NR. 32",228,"Alegeri Prezidentiale",1,1746,886,717,49,120,873,13,2000,1114,310,54,162,1,155,3,4,3,2,141,3,19,4,12
43,"MUNICIPIUL BUCUREŞTI - SECTOR 2","MUNICIPIUL BUCUREŞTI",179132,"BUCUREŞTI SECTORUL 2","ŞCOALA GIMNAZIALĂ NR. 32",229,"Alegeri Prezidentiale",1,1762,949,759,33,157,937,12,2000,1050,261,66,212,1,223,4,2,5,3,106,6,35,3,10
43,"MUNICIPIUL BUCUREŞTI - SECTOR 2","MUNICIPIUL BUCUREŞTI",179132,"BUCUREŞTI SECTORUL 2","ŞCOALA GIMNAZIALĂ NR. 32",230,"Alegeri Prezidentiale",1,1251,637,545,92,0,627,10,1400,763,194,48,153,0,113,2,2,0,3,72,6,13,11,10
43,"MUNICIPIUL BUCUREŞTI - SECTOR 2","MUNICIPIUL BUCUREŞTI",179132,"BUCUREŞTI SECTORUL 2","COLEGIUL NAŢIONAL ”VICTOR BABEŞ”",231,"Alegeri Prezidentiale",1,1792,832,703,128,1,824,8,2000,1168,251,60,196,1,165,1,3,1,2,96,9,14,8,17
43,"MUNICIPIUL BUCUREŞTI - SECTOR 2","MUNICIPIUL BUCUREŞTI",179132,"BUCUREŞTI SECTORUL 2","COLEGIUL NAŢIONAL ”VICTOR BABEŞ”",232,"Alegeri Prezidentiale",1,1736,747,687,60,0,741,6,2000,1253,242,73,173,0,138,3,0,2,0,71,5,24,4,6
43,"MUNICIPIUL BUCUREŞTI - SECTOR 2","MUNICIPIUL BUCUREŞTI",179132,"BUCUREŞTI SECTORUL 2","COLEGIUL NAŢIONAL ”VICTOR BABEŞ”",233,"Alegeri Prezidentiale",1,2025,946,891,55,0,938,8,2200,1254,277,94,229,3,158,1,7,7,0,118,4,25,6,9
43,"MUNICIPIUL BUCUREŞTI - SECTOR 2","MUNICIPIUL BUCUREŞTI",179132,"BUCUREŞTI SECTORUL 2","COLEGIUL NAŢIONAL ”VICTOR BABEŞ”",234,"Alegeri Prezidentiale",1,2019,862,830,32,0,852,10,2204,1342,284,74,207,0,132,1,2,4,1,107,4,18,6,12
43,"MUNICIPIUL BUCUREŞTI - SECTOR 2","MUNICIPIUL BUCUREŞTI",179132,"BUCUREŞTI SECTORUL 2","ŞCOALA GIMNAZIALĂ NR. 25 ( FOSTA GRĂDINITĂ NR. 11)",235,"Alegeri Prezidentiale",1,1750,807,741,66,0,807,0,2000,1193,281,51,153,1,179,2,2,1,1,93,5,20,3,15
43,"MUNICIPIUL BUCUREŞTI - SECTOR 2","MUNICIPIUL BUCUREŞTI",179132,"BUCUREŞTI SECTORUL 2","ŞCOALA GIMNAZIALĂ NR. 25 ( FOSTA GRĂDINITĂ NR. 11)",236,"Alegeri Prezidentiale",1,1600,771,700,71,0,765,6,1800,1029,273,61,137,2,164,1,0,1,0,94,9,12,3,8
43,"MUNICIPIUL BUCUREŞTI - SECTOR 2","MUNICIPIUL BUCUREŞTI",179132,"BUCUREŞTI SECTORUL 2","ŞCOALA GIMNAZIALĂ NR. 145",237,"Alegeri Prezidentiale",1,2066,893,779,114,0,879,14,2200,1307,293,44,231,3,160,0,4,1,1,80,7,27,5,23
43,"MUNICIPIUL BUCUREŞTI - SECTOR 2","MUNICIPIUL BUCUREŞTI",179132,"BUCUREŞTI SECTORUL 2","ŞCOALA GIMNAZIALĂ NR. 145",238,"Alegeri Prezidentiale",1,1583,716,689,27,0,706,10,1600,884,196,70,194,1,131,3,3,0,0,84,1,11,7,5
43,"MUNICIPIUL BUCUREŞTI - SECTOR 2","MUNICIPIUL BUCUREŞTI",179132,"BUCUREŞTI SECTORUL 2","ŞCOALA GIMNAZIALĂ NR. 145",239,"Alegeri Prezidentiale",1,1682,714,685,29,0,705,9,1800,1086,204,54,147,3,153,0,1,3,3,80,5,32,7,13
43,"MUNICIPIUL BUCUREŞTI - SECTOR 2","MUNICIPIUL BUCUREŞTI",179132,"BUCUREŞTI SECTORUL 2","ŞCOALA GIMNAZIALĂ NR. 145",240,"Alegeri Prezidentiale",1,1802,587,561,26,0,574,13,2000,1413,217,23,85,1,136,0,1,5,0,58,3,25,3,17
43,"MUNICIPIUL BUCUREŞTI - SECTOR 2","MUNICIPIUL BUCUREŞTI",179132,"BUCUREŞTI SECTORUL 2","ŞCOALA GIMNAZIALĂ NR. 145",241,"Alegeri Prezidentiale",1,1653,766,682,84,0,759,7,1800,1034,263,59,189,2,107,2,5,2,1,93,4,16,8,8
43,"MUNICIPIUL BUCUREŞTI - SECTOR 2","MUNICIPIUL BUCUREŞTI",179132,"BUCUREŞTI SECTORUL 2","ŞCOALA GIMNAZIALĂ NR. 145",242,"Alegeri Prezidentiale",1,1655,800,727,73,0,791,9,1800,1000,248,50,193,0,144,2,4,5,0,97,12,21,4,11
43,"MUNICIPIUL BUCUREŞTI - SECTOR 2","MUNICIPIUL BUCUREŞTI",179132,"BUCUREŞTI SECTORUL 2","ŞCOALA GIMNAZIALĂ NR. 145",243,"Alegeri Prezidentiale",1,1767,718,667,51,0,708,10,1800,1082,235,54,131,2,143,3,1,3,4,85,6,20,1,20
43,"MUNICIPIUL BUCUREŞTI - SECTOR 2","MUNICIPIUL BUCUREŞTI",179132,"BUCUREŞTI SECTORUL 2","ŞCOALA GIMNAZIALĂ NR. 145",244,"Alegeri Prezidentiale",1,1569,478,461,17,0,460,18,1600,1122,174,24,50,1,102,0,2,2,2,61,8,6,5,23
43,"MUNICIPIUL BUCUREŞTI - SECTOR 2","MUNICIPIUL BUCUREŞTI",179132,"BUCUREŞTI SECTORUL 2","ŞCOALA GIMNAZIALĂ NR. 62",245,"Alegeri Prezidentiale",1,1631,768,696,72,0,760,8,1790,1022,211,51,167,1,190,4,3,0,3,87,2,22,6,13
43,"MUNICIPIUL BUCUREŞTI - SECTOR 2","MUNICIPIUL BUCUREŞTI",179132,"BUCUREŞTI SECTORUL 2","ŞCOALA GIMNAZIALĂ NR. 62",246,"Alegeri Prezidentiale",1,1341,528,497,31,0,520,8,1400,872,167,29,86,0,118,0,2,2,0,79,4,15,3,15
43,"MUNICIPIUL BUCUREŞTI - SECTOR 2","MUNICIPIUL BUCUREŞTI",179132,"BUCUREŞTI SECTORUL 2","ŞCOALA GIMNAZIALĂ NR. 62",247,"Alegeri Prezidentiale",1,1319,729,674,55,0,724,5,1400,671,225,59,158,1,138,2,5,2,0,96,3,18,4,13
43,"MUNICIPIUL BUCUREŞTI - SECTOR 2","MUNICIPIUL BUCUREŞTI",179132,"BUCUREŞTI SECTORUL 2","ŞCOALA GIMNAZIALĂ NR. 62",248,"Alegeri Prezidentiale",1,1568,778,743,33,2,757,21,1600,822,217,53,152,0,177,4,3,3,0,89,8,27,5,19
43,"MUNICIPIUL BUCUREŞTI - SECTOR 2","MUNICIPIUL BUCUREŞTI",179132,"BUCUREŞTI SECTORUL 2","ŞCOALA GIMNAZIALĂ NR. 62",249,"Alegeri Prezidentiale",1,1475,616,597,18,1,602,14,1596,980,189,58,126,0,105,3,5,1,2,75,6,15,3,14
43,"MUNICIPIUL BUCUREŞTI - SECTOR 2","MUNICIPIUL BUCUREŞTI",179132,"BUCUREŞTI SECTORUL 2","ŞCOALA GIMNAZIALĂ NR. 62",250,"Alegeri Prezidentiale",1,1306,686,645,41,0,675,11,1400,714,223,36,124,3,177,1,2,2,0,75,2,18,2,10
43,"MUNICIPIUL BUCUREŞTI - SECTOR 2","MUNICIPIUL BUCUREŞTI",179132,"BUCUREŞTI SECTORUL 2","ŞCOALA GIMNAZIALĂ NR. 62",251,"Alegeri Prezidentiale",1,1119,562,517,45,0,552,10,1200,638,182,40,111,1,115,1,2,1,3,59,8,14,5,10
43,"MUNICIPIUL BUCUREŞTI - SECTOR 2","MUNICIPIUL BUCUREŞTI",179132,"BUCUREŞTI SECTORUL 2","LICEUL TEHNOLOGIC ”SF. PANTELIMON”",252,"Alegeri Prezidentiale",1,1835,1016,947,69,0,1013,3,2000,984,329,83,222,3,217,2,4,0,0,118,2,20,7,6
43,"MUNICIPIUL BUCUREŞTI - SECTOR 2","MUNICIPIUL BUCUREŞTI",179132,"BUCUREŞTI SECTORUL 2","LICEUL TEHNOLOGIC ”SF. PANTELIMON”",253,"Alegeri Prezidentiale",1,1308,781,699,82,0,776,5,1400,619,245,68,202,3,131,3,2,1,1,102,1,9,3,5
43,"MUNICIPIUL BUCUREŞTI - SECTOR 2","MUNICIPIUL BUCUREŞTI",179132,"BUCUREŞTI SECTORUL 2","LICEUL TEHNOLOGIC ”SF. PANTELIMON”",254,"Alegeri Prezidentiale",1,1340,679,632,46,1,674,5,1400,721,176,66,163,0,150,1,0,0,0,85,11,13,2,7
43,"MUNICIPIUL BUCUREŞTI - SECTOR 2","MUNICIPIUL BUCUREŞTI",179132,"BUCUREŞTI SECTORUL 2","LICEUL TEHNOLOGIC ”SF. PANTELIMON”",255,"Alegeri Prezidentiale",1,1606,805,765,40,0,797,8,1800,995,288,64,199,0,119,2,1,1,2,84,5,22,4,6
43,"MUNICIPIUL BUCUREŞTI - SECTOR 2","MUNICIPIUL BUCUREŞTI",179132,"BUCUREŞTI SECTORUL 2","ŞCOALA GIMNAZIALĂ NR. 51",256,"Alegeri Prezidentiale",1,1464,872,735,137,0,867,5,1800,928,274,63,228,0,159,0,3,2,2,98,9,19,2,8
43,"MUNICIPIUL BUCUREŞTI - SECTOR 2","MUNICIPIUL BUCUREŞTI",179132,"BUCUREŞTI SECTORUL 2","ŞCOALA GIMNAZIALĂ NR. 51",257,"Alegeri Prezidentiale",1,1530,652,548,104,0,648,4,1600,948,194,42,159,0,118,2,3,2,1,93,5,14,2,13
43,"MUNICIPIUL BUCUREŞTI - SECTOR 2","MUNICIPIUL BUCUREŞTI",179132,"BUCUREŞTI SECTORUL 2","ŞCOALA GIMNAZIALĂ NR. 51",258,"Alegeri Prezidentiale",1,1365,733,656,77,0,725,8,1400,667,203,51,180,2,176,4,0,1,3,67,5,14,11,8
43,"MUNICIPIUL BUCUREŞTI - SECTOR 2","MUNICIPIUL BUCUREŞTI",179132,"BUCUREŞTI SECTORUL 2","GRADINIŢA NR. 280",259,"Alegeri Prezidentiale",1,1296,745,634,111,0,732,13,1600,855,255,63,175,1,111,1,1,3,0,96,8,8,5,5
43,"MUNICIPIUL BUCUREŞTI - SECTOR 2","MUNICIPIUL BUCUREŞTI",179132,"BUCUREŞTI SECTORUL 2","GRADINIŢA NR. 280",260,"Alegeri Prezidentiale",1,1876,908,830,70,8,896,12,2000,1092,290,77,213,4,144,3,7,2,0,108,8,23,3,14
43,"MUNICIPIUL BUCUREŞTI - SECTOR 2","MUNICIPIUL BUCUREŞTI",179132,"BUCUREŞTI SECTORUL 2","ŞCOALA GIMNAZIALĂ NR. 77",261,"Alegeri Prezidentiale",1,1437,670,644,26,0,658,12,1600,930,196,36,128,3,163,4,4,0,0,69,14,16,7,18
43,"MUNICIPIUL BUCUREŞTI - SECTOR 2","MUNICIPIUL BUCUREŞTI",179132,"BUCUREŞTI SECTORUL 2","ŞCOALA GIMNAZIALĂ NR. 77",262,"Alegeri Prezidentiale",1,1433,793,761,32,0,780,13,1600,788,268,39,153,2,160,0,3,1,1,128,2,12,7,4
43,"MUNICIPIUL BUCUREŞTI - SECTOR 2","MUNICIPIUL BUCUREŞTI",179132,"BUCUREŞTI SECTORUL 2","ŞCOALA GIMNAZIALĂ NR. 77",263,"Alegeri Prezidentiale",1,1548,865,787,78,0,859,6,1600,735,262,57,208,4,177,0,1,2,0,98,6,30,7,7
43,"MUNICIPIUL BUCUREŞTI - SECTOR 2","MUNICIPIUL BUCUREŞTI",179132,"BUCUREŞTI SECTORUL 2","ŞCOALA GIMNAZIALĂ NR. 77",264,"Alegeri Prezidentiale",1,1553,888,789,99,0,884,4,1800,912,310,64,199,2,174,0,1,4,1,102,3,15,2,7
43,"MUNICIPIUL BUCUREŞTI - SECTOR 2","MUNICIPIUL BUCUREŞTI",179132,"BUCUREŞTI SECTORUL 2","ŞCOALA GIMNAZIALĂ NR. 77",265,"Alegeri Prezidentiale",1,2016,1000,890,46,64,986,14,2200,1200,297,38,184,2,249,3,5,2,1,125,10,33,13,24
43,"MUNICIPIUL BUCUREŞTI - SECTOR 2","MUNICIPIUL BUCUREŞTI",179132,"BUCUREŞTI SECTORUL 2","ŞCOALA GIMNAZIALĂ NR. 77",266,"Alegeri Prezidentiale",1,1532,726,697,29,0,721,5,1600,874,209,64,154,0,159,3,2,1,2,80,8,25,3,11
43,"MUNICIPIUL BUCUREŞTI - SECTOR 2","MUNICIPIUL BUCUREŞTI",179132,"BUCUREŞTI SECTORUL 2","LICEUL TEORETIC ”LUCIAN BLAGA”",267,"Alegeri Prezidentiale",1,1668,757,730,27,0,748,9,1800,1043,281,47,105,1,161,3,3,3,0,97,5,16,7,19
43,"MUNICIPIUL BUCUREŞTI - SECTOR 2","MUNICIPIUL BUCUREŞTI",179132,"BUCUREŞTI SECTORUL 2","LICEUL TEORETIC ”LUCIAN BLAGA”",268,"Alegeri Prezidentiale",1,1839,558,528,30,0,548,10,2000,1442,191,29,84,1,139,3,0,4,2,55,5,18,3,14
43,"MUNICIPIUL BUCUREŞTI - SECTOR 2","MUNICIPIUL BUCUREŞTI",179132,"BUCUREŞTI SECTORUL 2","LICEUL TEORETIC ”LUCIAN BLAGA”",269,"Alegeri Prezidentiale",1,1831,870,787,83,0,851,19,2000,1130,250,53,175,3,188,6,5,2,3,109,9,28,6,14
43,"MUNICIPIUL BUCUREŞTI - SECTOR 2","MUNICIPIUL BUCUREŞTI",179132,"BUCUREŞTI SECTORUL 2","LICEUL TEORETIC ”LUCIAN BLAGA”",270,"Alegeri Prezidentiale",1,1844,796,719,77,0,775,21,2000,1204,221,60,116,1,203,2,1,3,3,110,7,26,3,19
43,"MUNICIPIUL BUCUREŞTI - SECTOR 2","MUNICIPIUL BUCUREŞTI",179132,"BUCUREŞTI SECTORUL 2","LICEUL TEORETIC ”LUCIAN BLAGA”",271,"Alegeri Prezidentiale",1,1902,808,754,53,1,790,18,2000,1192,236,59,161,1,188,5,1,0,1,86,6,22,4,20
43,"MUNICIPIUL BUCUREŞTI - SECTOR 2","MUNICIPIUL BUCUREŞTI",179132,"BUCUREŞTI SECTORUL 2","ŞCOALA GIMNAZIALĂ NR. 66",272,"Alegeri Prezidentiale",1,1757,840,782,58,0,826,14,2000,1160,258,33,150,4,199,4,5,5,3,112,8,21,4,20
43,"MUNICIPIUL BUCUREŞTI - SECTOR 2","MUNICIPIUL BUCUREŞTI",179132,"BUCUREŞTI SECTORUL 2","ŞCOALA GIMNAZIALĂ NR. 66",273,"Alegeri Prezidentiale",1,1217,702,593,56,53,686,16,1600,898,224,35,111,0,184,2,3,2,0,93,7,16,3,6
43,"MUNICIPIUL BUCUREŞTI - SECTOR 2","MUNICIPIUL BUCUREŞTI",179132,"BUCUREŞTI SECTORUL 2","ŞCOALA GIMNAZIALĂ NR. 66",274,"Alegeri Prezidentiale",1,1589,669,633,36,0,660,9,1600,931,218,50,114,2,147,1,4,3,1,86,5,21,3,5
43,"MUNICIPIUL BUCUREŞTI - SECTOR 2","MUNICIPIUL BUCUREŞTI",179132,"BUCUREŞTI SECTORUL 2","ŞCOALA GIMNAZIALĂ NR. 66",275,"Alegeri Prezidentiale",1,1317,679,646,33,0,670,9,1400,721,201,52,158,1,157,1,3,1,0,73,4,9,4,6
43,"MUNICIPIUL BUCUREŞTI - SECTOR 2","MUNICIPIUL BUCUREŞTI",179132,"BUCUREŞTI SECTORUL 2","ŞCOALA GIMNAZIALĂ NR. 66",276,"Alegeri Prezidentiale",1,1829,831,791,40,0,816,15,2000,1169,282,48,143,0,165,1,1,3,3,114,4,34,9,9
43,"MUNICIPIUL BUCUREŞTI - SECTOR 2","MUNICIPIUL BUCUREŞTI",179132,"BUCUREŞTI SECTORUL 2","GRADINIŢA NR. 189",277,"Alegeri Prezidentiale",1,1028,563,516,46,1,557,6,1200,637,177,33,115,1,120,5,3,2,0,69,4,17,6,5
43,"MUNICIPIUL BUCUREŞTI - SECTOR 2","MUNICIPIUL BUCUREŞTI",179132,"BUCUREŞTI SECTORUL 2","GRADINIŢA NR. 189",278,"Alegeri Prezidentiale",1,1021,529,512,17,0,523,6,1200,671,171,26,95,0,129,0,1,2,3,68,3,18,3,4
43,"MUNICIPIUL BUCUREŞTI - SECTOR 2","MUNICIPIUL BUCUREŞTI",179132,"BUCUREŞTI SECTORUL 2","COLEGUL TEHNIC ”DIMITRIE LEONIDA”",279,"Alegeri Prezidentiale",1,1045,625,516,108,1,621,4,1200,575,224,59,142,3,115,0,1,1,1,61,2,4,6,2
43,"MUNICIPIUL BUCUREŞTI - SECTOR 2","MUNICIPIUL BUCUREŞTI",179132,"BUCUREŞTI SECTORUL 2","COLEGUL TEHNIC ”DIMITRIE LEONIDA”",280,"Alegeri Prezidentiale",1,1361,820,711,109,0,806,14,1400,580,238,66,180,1,165,4,0,2,1,111,3,20,1,14
43,"MUNICIPIUL BUCUREŞTI - SECTOR 2","MUNICIPIUL BUCUREŞTI",179132,"BUCUREŞTI SECTORUL 2","ŞCOALA GIMNAZIALĂ ”PETRE GHELMEZ”",281,"Alegeri Prezidentiale",1,1636,825,752,73,0,810,15,1800,975,237,80,185,4,172,2,5,4,3,77,7,22,5,7
43,"MUNICIPIUL BUCUREŞTI - SECTOR 2","MUNICIPIUL BUCUREŞTI",179132,"BUCUREŞTI SECTORUL 2","ŞCOALA GIMNAZIALĂ ”PETRE GHELMEZ”",282,"Alegeri Prezidentiale",1,1722,852,788,64,0,841,11,1800,948,248,32,176,4,187,1,7,0,1,122,5,33,10,15
43,"MUNICIPIUL BUCUREŞTI - SECTOR 2","MUNICIPIUL BUCUREŞTI",179132,"BUCUREŞTI SECTORUL 2","ŞCOALA GIMNAZIALĂ ”PETRE GHELMEZ”",283,"Alegeri Prezidentiale",1,1644,969,872,96,1,962,7,1800,831,254,92,340,2,133,1,0,0,1,100,6,26,3,4
43,"MUNICIPIUL BUCUREŞTI - SECTOR 2","MUNICIPIUL BUCUREŞTI",179132,"BUCUREŞTI SECTORUL 2","ŞCOALA GIMNAZIALĂ ”PETRE GHELMEZ”",284,"Alegeri Prezidentiale",1,1307,635,564,71,0,630,5,1431,796,176,48,166,1,143,2,2,3,0,66,6,13,1,3
43,"MUNICIPIUL BUCUREŞTI - SECTOR 2","MUNICIPIUL BUCUREŞTI",179132,"BUCUREŞTI SECTORUL 2","ŞCOALA GIMNAZIALĂ ”PETRE GHELMEZ”",285,"Alegeri Prezidentiale",1,1699,841,793,48,0,831,10,1800,959,265,56,158,2,201,1,4,6,0,107,2,19,0,10
43,"MUNICIPIUL BUCUREŞTI - SECTOR 2","MUNICIPIUL BUCUREŞTI",179132,"BUCUREŞTI SECTORUL 2","ŞCOALA GIMNAZIALĂ ”PETRE GHELMEZ”",286,"Alegeri Prezidentiale",1,1523,861,781,80,0,853,8,1800,939,250,70,239,3,143,3,1,1,1,115,2,13,2,10
43,"MUNICIPIUL BUCUREŞTI - SECTOR 2","MUNICIPIUL BUCUREŞTI",179132,"BUCUREŞTI SECTORUL 2","ŞCOALA GIMNAZIALĂ NR. 4",287,"Alegeri Prezidentiale",1,1657,948,850,97,1,933,15,1800,852,312,45,219,2,189,2,3,3,0,114,8,21,6,9
43,"MUNICIPIUL BUCUREŞTI - SECTOR 2","MUNICIPIUL BUCUREŞTI",179132,"BUCUREŞTI SECTORUL 2","ŞCOALA GIMNAZIALĂ NR. 4",288,"Alegeri Prezidentiale",1,1682,860,797,63,0,855,5,1800,940,254,70,166,3,168,4,6,1,2,123,6,34,7,11
43,"MUNICIPIUL BUCUREŞTI - SECTOR 2","MUNICIPIUL BUCUREŞTI",179132,"BUCUREŞTI SECTORUL 2","ŞCOALA GIMNAZIALĂ NR. 4",289,"Alegeri Prezidentiale",1,1798,923,839,84,0,912,11,2000,1077,310,62,202,2,170,2,2,1,1,129,7,16,2,6
43,"MUNICIPIUL BUCUREŞTI - SECTOR 2","MUNICIPIUL BUCUREŞTI",179132,"BUCUREŞTI SECTORUL 2","ŞCOALA GIMNAZIALĂ NR. 4",290,"Alegeri Prezidentiale",1,1910,996,955,41,0,988,8,2000,1004,334,79,237,3,151,3,6,1,3,122,7,28,3,11
43,"MUNICIPIUL BUCUREŞTI - SECTOR 2","MUNICIPIUL BUCUREŞTI",179132,"BUCUREŞTI SECTORUL 2","ŞCOALA GIMNAZIALĂ NR. 4",291,"Alegeri Prezidentiale",1,1438,710,658,52,0,704,6,1600,890,213,47,176,0,154,1,0,1,1,83,3,11,7,7
43,"MUNICIPIUL BUCUREŞTI - SECTOR 2","MUNICIPIUL BUCUREŞTI",179132,"BUCUREŞTI SECTORUL 2","ŞCOALA GIMNAZIALĂ NR. 25",292,"Alegeri Prezidentiale",1,1785,943,810,131,2,936,7,2000,1057,283,75,236,4,178,4,8,0,1,107,11,18,4,7
43,"MUNICIPIUL BUCUREŞTI - SECTOR 2","MUNICIPIUL BUCUREŞTI",179132,"BUCUREŞTI SECTORUL 2","ŞCOALA GIMNAZIALĂ NR. 25",293,"Alegeri Prezidentiale",1,1902,892,811,81,0,879,13,2000,1108,306,62,184,1,160,2,2,3,2,93,6,35,7,16
43,"MUNICIPIUL BUCUREŞTI - SECTOR 2","MUNICIPIUL BUCUREŞTI",179132,"BUCUREŞTI SECTORUL 2","ŞCOALA GIMNAZIALĂ NR. 25",294,"Alegeri Prezidentiale",1,1824,819,773,46,0,812,7,2000,1181,269,65,161,1,174,1,2,2,0,98,6,19,1,13
43,"MUNICIPIUL BUCUREŞTI - SECTOR 2","MUNICIPIUL BUCUREŞTI",179132,"BUCUREŞTI SECTORUL 2","ŞCOALA GIMNAZIALĂ NR. 25",295,"Alegeri Prezidentiale",1,2118,1091,1021,70,0,1084,7,2200,1109,374,82,341,4,147,4,2,1,2,88,4,23,3,9
43,"MUNICIPIUL BUCUREŞTI - SECTOR 2","MUNICIPIUL BUCUREŞTI",179132,"BUCUREŞTI SECTORUL 2","ŞCOALA GIMNAZIALĂ ”FERDINAND I” (FOSTA ȘCOALĂ NR. 64)",296,"Alegeri Prezidentiale",1,1452,776,720,56,0,761,15,1600,824,226,63,175,1,150,2,1,2,0,101,5,20,3,12
43,"MUNICIPIUL BUCUREŞTI - SECTOR 2","MUNICIPIUL BUCUREŞTI",179132,"BUCUREŞTI SECTORUL 2","ŞCOALA GIMNAZIALĂ ”FERDINAND I” (FOSTA ȘCOALĂ NR. 64)",297,"Alegeri Prezidentiale",1,1394,766,662,104,0,760,6,1600,834,263,63,168,1,143,0,0,0,1,91,6,13,4,7
43,"MUNICIPIUL BUCUREŞTI - SECTOR 2","MUNICIPIUL BUCUREŞTI",179132,"BUCUREŞTI SECTORUL 2","ŞCOALA GIMNAZIALĂ ”FERDINAND I” (FOSTA ȘCOALĂ NR. 64)",298,"Alegeri Prezidentiale",1,1197,618,541,77,0,610,8,1200,582,208,56,131,0,112,0,3,1,0,71,4,8,2,14
43,"MUNICIPIUL BUCUREŞTI - SECTOR 2","MUNICIPIUL BUCUREŞTI",179132,"BUCUREŞTI SECTORUL 2","ŞCOALA GIMNAZIALĂ ”FERDINAND I” (FOSTA ȘCOALĂ NR. 64)",299,"Alegeri Prezidentiale",1,1856,833,796,37,0,822,11,2000,1167,240,67,185,4,156,3,4,1,4,122,7,18,3,8
43,"MUNICIPIUL BUCUREŞTI - SECTOR 2","MUNICIPIUL BUCUREŞTI",179132,"BUCUREŞTI SECTORUL 2","ŞCOALA GIMNAZIALĂ ”FERDINAND I” (FOSTA ȘCOALĂ NR. 64)",300,"Alegeri Prezidentiale",1,1413,574,473,101,0,564,10,1600,1026,196,51,121,1,102,0,0,3,1,68,2,9,1,9
43,"MUNICIPIUL BUCUREŞTI - SECTOR 2","MUNICIPIUL BUCUREŞTI",179132,"BUCUREŞTI SECTORUL 2","LICEUL TEHNOLOGIC ELECTRONICA INDUSTRIALĂ",301,"Alegeri Prezidentiale",1,1578,893,789,104,0,883,10,1800,907,282,57,213,2,164,4,6,1,1,122,3,19,3,6
43,"MUNICIPIUL BUCUREŞTI - SECTOR 2","MUNICIPIUL BUCUREŞTI",179132,"BUCUREŞTI SECTORUL 2","LICEUL TEHNOLOGIC ELECTRONICA INDUSTRIALĂ",302,"Alegeri Prezidentiale",1,1503,702,668,34,0,696,6,1600,898,217,59,148,1,144,0,3,0,0,91,6,17,7,3
43,"MUNICIPIUL BUCUREŞTI - SECTOR 2","MUNICIPIUL BUCUREŞTI",179132,"BUCUREŞTI SECTORUL 2","LICEUL TEHNOLOGIC ELECTRONICA INDUSTRIALĂ",303,"Alegeri Prezidentiale",1,1216,610,579,31,0,601,9,1400,790,209,58,108,1,118,0,4,2,1,81,3,11,2,3
43,"MUNICIPIUL BUCUREŞTI - SECTOR 2","MUNICIPIUL BUCUREŞTI",179132,"BUCUREŞTI SECTORUL 2","COLEGIUL NAŢIONAL ”IULIA HAŞDEU”",304,"Alegeri Prezidentiale",1,1367,941,684,257,0,936,5,1600,659,278,88,243,1,171,3,3,1,2,118,3,17,3,5
43,"MUNICIPIUL BUCUREŞTI - SECTOR 2","MUNICIPIUL BUCUREŞTI",179132,"BUCUREŞTI SECTORUL 2","COLEGIUL NAŢIONAL ”IULIA HAŞDEU”",305,"Alegeri Prezidentiale",1,1393,998,634,364,0,993,5,1400,402,313,79,309,3,151,2,1,4,0,84,2,31,5,9
43,"MUNICIPIUL BUCUREŞTI - SECTOR 2","MUNICIPIUL BUCUREŞTI",179132,"BUCUREŞTI SECTORUL 2","COLEGIUL NAŢIONAL ”IULIA HAŞDEU”",306,"Alegeri Prezidentiale",1,1509,922,695,226,1,913,9,1600,678,277,75,265,9,151,3,6,2,2,97,4,13,2,7
43,"MUNICIPIUL BUCUREŞTI - SECTOR 2","MUNICIPIUL BUCUREŞTI",179132,"BUCUREŞTI SECTORUL 2","LICEUL TEHNOLOGIC ”I.C. BRĂTIANU” (FOST LICEUL TEHNOLOGIC MECANICĂ FINĂ)",307,"Alegeri Prezidentiale",1,1390,859,723,136,0,852,7,1600,741,264,83,250,4,133,1,1,3,2,83,2,19,2,5
43,"MUNICIPIUL BUCUREŞTI - SECTOR 2","MUNICIPIUL BUCUREŞTI",179132,"BUCUREŞTI SECTORUL 2","LICEUL TEHNOLOGIC ”I.C. BRĂTIANU” (FOST LICEUL TEHNOLOGIC MECANICĂ FINĂ)",308,"Alegeri Prezidentiale",1,1175,662,572,90,0,655,7,1200,538,204,52,164,0,130,4,2,0,0,78,3,9,4,5
43,"MUNICIPIUL BUCUREŞTI - SECTOR 2","MUNICIPIUL BUCUREŞTI",179132,"BUCUREŞTI SECTORUL 2","LICEUL TEHNOLOGIC ”I.C. BRĂTIANU” (FOST LICEUL TEHNOLOGIC MECANICĂ FINĂ)",309,"Alegeri Prezidentiale",1,1055,565,500,65,0,560,5,1200,635,184,43,145,0,89,1,2,3,1,69,4,12,2,5
43,"MUNICIPIUL BUCUREŞTI - SECTOR 2","MUNICIPIUL BUCUREŞTI",179132,"BUCUREŞTI SECTORUL 2","LICEUL TEHNOLOGIC ”I.C. BRĂTIANU” (FOST LICEUL TEHNOLOGIC MECANICĂ FINĂ)",310,"Alegeri Prezidentiale",1,1630,842,788,54,0,833,9,1800,958,268,75,195,2,147,3,0,5,0,99,3,27,3,6
43,"MUNICIPIUL BUCUREŞTI - SECTOR 2","MUNICIPIUL BUCUREŞTI",179132,"BUCUREŞTI SECTORUL 2","CLUB SPORTIV ŞCOLAR NR. 2",311,"Alegeri Prezidentiale",1,1554,1026,769,257,0,1012,14,1800,774,330,84,292,0,147,6,2,3,3,110,5,17,7,6
43,"MUNICIPIUL BUCUREŞTI - SECTOR 2","MUNICIPIUL BUCUREŞTI",179132,"BUCUREŞTI SECTORUL 2","CLUB SPORTIV ŞCOLAR NR. 2",312,"Alegeri Prezidentiale",1,1405,921,722,199,0,911,10,1600,679,268,75,287,1,138,4,2,1,2,94,9,19,3,8
43,"MUNICIPIUL BUCUREŞTI - SECTOR 2","MUNICIPIUL BUCUREŞTI",179132,"BUCUREŞTI SECTORUL 2","GRĂDINIȚA CLOPOȚEL (FOSTA GRADINIŢA NR. 201)",313,"Alegeri Prezidentiale",1,1386,805,718,87,0,798,7,1600,795,240,68,226,0,149,1,8,0,0,80,5,10,4,7
43,"MUNICIPIUL BUCUREŞTI - SECTOR 2","MUNICIPIUL BUCUREŞTI",179132,"BUCUREŞTI SECTORUL 2","GRĂDINIȚA CLOPOȚEL (FOSTA GRADINIŢA NR. 201)",314,"Alegeri Prezidentiale",1,1577,936,865,71,0,926,10,1800,864,285,60,192,1,215,2,6,4,0,129,6,20,0,6
43,"MUNICIPIUL BUCUREŞTI - SECTOR 2","MUNICIPIUL BUCUREŞTI",179132,"BUCUREŞTI SECTORUL 2","GRĂDINIȚA CLOPOȚEL (FOSTA GRADINIŢA NR. 201)",315,"Alegeri Prezidentiale",1,1343,738,655,83,0,733,5,1600,862,226,66,193,2,128,1,4,3,2,81,5,10,6,6
43,"MUNICIPIUL BUCUREŞTI - SECTOR 2","MUNICIPIUL BUCUREŞTI",179132,"BUCUREŞTI SECTORUL 2","GRĂDINIȚA CLOPOȚEL (FOSTA GRADINIŢA NR. 201)",316,"Alegeri Prezidentiale",1,1253,725,658,67,0,719,6,1396,671,229,59,199,1,118,2,1,0,1,73,1,23,4,8
43,"MUNICIPIUL BUCUREŞTI - SECTOR 2","MUNICIPIUL BUCUREŞTI",179132,"BUCUREŞTI SECTORUL 2","COLEGIUL NAŢIONAL ”EMIL RACOVIŢĂ”",317,"Alegeri Prezidentiale",1,1463,982,771,211,0,966,16,1800,818,302,63,262,1,194,1,3,3,1,98,5,26,2,5
43,"MUNICIPIUL BUCUREŞTI - SECTOR 2","MUNICIPIUL BUCUREŞTI",179132,"BUCUREŞTI SECTORUL 2","COLEGIUL NAŢIONAL ”EMIL RACOVIŢĂ”",318,"Alegeri Prezidentiale",1,1061,862,578,202,82,855,7,1400,538,296,67,216,6,141,2,6,3,4,81,4,13,6,10
43,"MUNICIPIUL BUCUREŞTI - SECTOR 2","MUNICIPIUL BUCUREŞTI",179132,"BUCUREŞTI SECTORUL 2","COLEGIUL NAŢIONAL ”EMIL RACOVIŢĂ”",319,"Alegeri Prezidentiale",1,1808,921,813,65,43,908,13,2000,1079,308,93,217,2,159,3,9,0,3,89,3,14,2,6
43,"MUNICIPIUL BUCUREŞTI - SECTOR 2","MUNICIPIUL BUCUREŞTI",179132,"BUCUREŞTI SECTORUL 2","GRĂDINIŢA LUMINIȚA (FOSTA GRADINITA NR. 16)",320,"Alegeri Prezidentiale",1,1258,818,655,163,0,815,3,1400,582,290,61,215,0,126,0,2,0,4,93,2,11,3,8
43,"MUNICIPIUL BUCUREŞTI - SECTOR 2","MUNICIPIUL BUCUREŞTI",179132,"BUCUREŞTI SECTORUL 2","GRĂDINIŢA LUMINIȚA (FOSTA GRADINITA NR. 16)",321,"Alegeri Prezidentiale",1,1196,733,662,71,0,729,4,1400,667,280,50,204,2,100,1,1,1,0,65,3,12,3,7
43,"MUNICIPIUL BUCUREŞTI - SECTOR 2","MUNICIPIUL BUCUREŞTI",179132,"BUCUREŞTI SECTORUL 2","GRĂDINIŢA NR. 256",322,"Alegeri Prezidentiale",1,1544,899,835,63,1,889,10,1800,901,313,80,215,0,155,7,4,0,0,94,2,8,7,4
43,"MUNICIPIUL BUCUREŞTI - SECTOR 2","MUNICIPIUL BUCUREŞTI",179132,"BUCUREŞTI SECTORUL 2","ŞCOALA GIMNAZIALĂ NR. 49",323,"Alegeri Prezidentiale",1,1193,845,689,155,1,839,6,1400,555,270,100,230,3,143,4,6,1,0,61,3,10,3,5
43,"MUNICIPIUL BUCUREŞTI - SECTOR 2","MUNICIPIUL BUCUREŞTI",179132,"BUCUREŞTI SECTORUL 2","ŞCOALA GIMNAZIALĂ NR. 49",324,"Alegeri Prezidentiale",1,1157,737,632,104,1,730,7,1400,663,264,71,186,2,115,0,3,1,0,64,5,12,4,3
43,"MUNICIPIUL BUCUREŞTI - SECTOR 2","MUNICIPIUL BUCUREŞTI",179132,"BUCUREŞTI SECTORUL 2","ŞCOALA GIMNAZIALĂ NR. 46",325,"Alegeri Prezidentiale",1,1438,838,686,152,0,829,9,1600,762,248,71,227,0,148,2,1,0,1,87,6,26,5,7
43,"MUNICIPIUL BUCUREŞTI - SECTOR 2","MUNICIPIUL BUCUREŞTI",179132,"BUCUREŞTI SECTORUL 2","ŞCOALA GIMNAZIALĂ NR. 46",326,"Alegeri Prezidentiale",1,1536,874,718,156,0,866,8,1800,926,273,66,210,2,169,2,0,0,0,96,6,21,7,14
43,"MUNICIPIUL BUCUREŞTI - SECTOR 2","MUNICIPIUL BUCUREŞTI",179132,"BUCUREŞTI SECTORUL 2","ŞCOALA GIMNAZIALĂ NR. 46",327,"Alegeri Prezidentiale",1,1568,896,801,95,0,888,7,1800,905,289,70,193,1,173,1,3,2,1,123,3,16,6,7
43,"MUNICIPIUL BUCUREŞTI - SECTOR 2","MUNICIPIUL BUCUREŞTI",179132,"BUCUREŞTI SECTORUL 2","ŞCOALA GIMNAZIALĂ NR. 46",328,"Alegeri Prezidentiale",1,1838,1031,954,76,1,1023,8,2000,969,322,77,257,2,198,2,0,2,1,120,9,25,3,5
43,"MUNICIPIUL BUCUREŞTI - SECTOR 2","MUNICIPIUL BUCUREŞTI",179132,"BUCUREŞTI SECTORUL 2","ŞCOALA GIMNAZIALĂ TUDOR ARGHEZI (FOSTA ȘCOALĂ NR. 19)",329,"Alegeri Prezidentiale",1,1049,643,460,182,1,640,3,1200,557,211,81,182,1,88,2,2,0,3,51,4,9,2,4
43,"MUNICIPIUL BUCUREŞTI - SECTOR 2","MUNICIPIUL BUCUREŞTI",179132,"BUCUREŞTI SECTORUL 2","ŞCOALA GIMNAZIALĂ TUDOR ARGHEZI (FOSTA ȘCOALĂ NR. 19)",330,"Alegeri Prezidentiale",1,903,576,416,159,1,573,3,1000,424,192,66,175,3,67,0,1,2,0,49,2,11,2,3
43,"MUNICIPIUL BUCUREŞTI - SECTOR 2","MUNICIPIUL BUCUREŞTI",179132,"BUCUREŞTI SECTORUL 2","COLEGIUL NAŢIONAL ”SPIRU HARET”",331,"Alegeri Prezidentiale",1,1154,759,490,208,61,749,10,1400,241,235,70,233,3,115,0,7,1,2,51,2,15,5,10
43,"MUNICIPIUL BUCUREŞTI - SECTOR 2","MUNICIPIUL BUCUREŞTI",179132,"BUCUREŞTI SECTORUL 2","COLEGIUL NAŢIONAL ”SPIRU HARET”",332,"Alegeri Prezidentiale",1,1146,714,534,178,2,702,12,1400,686,221,106,193,2,85,1,1,1,0,64,5,15,1,7
43,"MUNICIPIUL BUCUREŞTI - SECTOR 2","MUNICIPIUL BUCUREŞTI",179132,"BUCUREŞTI SECTORUL 2","COLEGIUL NAŢIONAL ”CANTEMIR VODĂ”",333,"Alegeri Prezidentiale",1,950,717,457,194,66,708,9,1000,283,250,78,188,5,111,0,2,0,2,51,5,11,1,4
43,"MUNICIPIUL BUCUREŞTI - SECTOR 2","MUNICIPIUL BUCUREŞTI",179132,"BUCUREŞTI SECTORUL 2","COLEGIUL NAŢIONAL ”CANTEMIR VODĂ”",334,"Alegeri Prezidentiale",1,1173,661,582,46,33,647,14,1400,739,226,79,139,1,105,1,4,3,1,64,5,12,0,7
43,"MUNICIPIUL BUCUREŞTI - SECTOR 2","MUNICIPIUL BUCUREŞTI",179132,"BUCUREŞTI SECTORUL 2","COLEGIUL NAŢIONAL ”CANTEMIR VODĂ”",335,"Alegeri Prezidentiale",1,1208,629,546,82,1,616,13,1400,771,218,66,137,6,83,4,1,0,0,82,3,8,3,5
43,"MUNICIPIUL BUCUREŞTI - SECTOR 2","MUNICIPIUL BUCUREŞTI",179132,"BUCUREŞTI SECTORUL 2","COLEGIUL NAŢIONAL ”CANTEMIR VODĂ”",336,"Alegeri Prezidentiale",1,1513,787,716,71,0,776,11,1800,1013,246,92,190,3,131,4,3,2,2,83,2,12,3,3
43,"MUNICIPIUL BUCUREŞTI - SECTOR 2","MUNICIPIUL BUCUREŞTI",179132,"BUCUREŞTI SECTORUL 2","ŞCOALA GIMNAZIALĂ NR. 24",337,"Alegeri Prezidentiale",1,1765,1005,829,176,0,1001,4,2000,995,335,83,273,2,160,4,2,0,3,109,3,15,5,7
43,"MUNICIPIUL BUCUREŞTI - SECTOR 2","MUNICIPIUL BUCUREŞTI",179132,"BUCUREŞTI SECTORUL 2","ŞCOALA GIMNAZIALĂ NR. 24",338,"Alegeri Prezidentiale",1,1557,899,764,127,8,886,13,1800,901,296,61,216,3,182,2,4,1,3,84,4,15,6,9
43,"MUNICIPIUL BUCUREŞTI - SECTOR 2","MUNICIPIUL BUCUREŞTI",179132,"BUCUREŞTI SECTORUL 2","ŞCOALA GIMNAZIALĂ NR. 24",339,"Alegeri Prezidentiale",1,1380,684,579,105,0,675,9,1604,920,197,85,199,3,79,3,2,2,2,79,4,8,5,7
43,"MUNICIPIUL BUCUREŞTI - SECTOR 2","MUNICIPIUL BUCUREŞTI",179132,"BUCUREŞTI SECTORUL 2","ŞCOALA GIMNAZIALĂ NR. 24",340,"Alegeri Prezidentiale",1,1391,715,621,93,1,711,4,1600,885,249,77,161,1,116,4,2,2,1,78,4,7,3,6
43,"MUNICIPIUL BUCUREŞTI - SECTOR 2","MUNICIPIUL BUCUREŞTI",179132,"BUCUREŞTI SECTORUL 2","ȘCOALA GIMNAZIALĂ ”MAICA DOMNULUI” (FOSTA ŞCOALA NR. 26)",341,"Alegeri Prezidentiale",1,1183,539,487,52,0,533,6,1400,861,184,47,99,0,104,4,4,0,0,67,2,9,3,10
43,"MUNICIPIUL BUCUREŞTI - SECTOR 2","MUNICIPIUL BUCUREŞTI",179132,"BUCUREŞTI SECTORUL 2","ȘCOALA GIMNAZIALĂ ”MAICA DOMNULUI” (FOSTA ŞCOALA NR. 26)",342,"Alegeri Prezidentiale",1,1324,749,690,59,0,742,7,1400,651,228,58,193,3,135,2,2,0,0,97,2,16,4,2
43,"MUNICIPIUL BUCUREŞTI - SECTOR 2","MUNICIPIUL BUCUREŞTI",179132,"BUCUREŞTI SECTORUL 2","ŞCOALA PROFESIONALĂ SPECIALĂ NR. 3",343,"Alegeri Prezidentiale",1,1541,741,650,91,0,738,3,1800,1059,221,70,189,1,127,2,1,3,0,89,7,16,3,9
43,"MUNICIPIUL BUCUREŞTI - SECTOR 2","MUNICIPIUL BUCUREŞTI",179132,"BUCUREŞTI SECTORUL 2","ŞCOALA PROFESIONALĂ SPECIALĂ NR. 3",344,"Alegeri Prezidentiale",1,1314,596,543,53,0,590,6,1400,804,193,63,151,2,83,3,5,0,0,71,3,8,3,5
43,"MUNICIPIUL BUCUREŞTI - SECTOR 2","MUNICIPIUL BUCUREŞTI",179132,"BUCUREŞTI SECTORUL 2","ŞCOALA GIMNAZIALĂ NR. 307",345,"Alegeri Prezidentiale",1,1339,903,742,160,1,892,11,1400,497,275,83,274,4,117,2,1,2,1,100,8,17,3,5
43,"MUNICIPIUL BUCUREŞTI - SECTOR 2","MUNICIPIUL BUCUREŞTI",179132,"BUCUREŞTI SECTORUL 2","ŞCOALA GIMNAZIALĂ NR. 307",346,"Alegeri Prezidentiale",1,1027,699,441,257,1,688,11,1200,501,203,54,210,0,114,1,1,1,0,72,9,14,4,5
43,"MUNICIPIUL BUCUREŞTI - SECTOR 2","MUNICIPIUL BUCUREŞTI",179132,"BUCUREŞTI SECTORUL 2","ŞCOALA GIMNAZIALĂ NR. 307",347,"Alegeri Prezidentiale",1,1447,901,716,183,2,892,9,1600,699,270,80,253,5,137,3,8,3,1,92,9,16,7,8
43,"MUNICIPIUL BUCUREŞTI - SECTOR 2","MUNICIPIUL BUCUREŞTI",179132,"BUCUREŞTI SECTORUL 2","ŞCOALA GIMNAZIALĂ NR. 71",348,"Alegeri Prezidentiale",1,1350,624,558,66,0,617,7,1600,976,225,66,142,4,88,1,0,1,1,74,2,7,4,2
43,"MUNICIPIUL BUCUREŞTI - SECTOR 2","MUNICIPIUL BUCUREŞTI",179132,"BUCUREŞTI SECTORUL 2","ŞCOALA GIMNAZIALĂ NR. 71",349,"Alegeri Prezidentiale",1,1241,733,558,175,0,722,11,1400,667,213,82,202,1,129,1,1,4,3,60,2,13,4,7
43,"MUNICIPIUL BUCUREŞTI - SECTOR 2","MUNICIPIUL BUCUREŞTI",179132,"BUCUREŞTI SECTORUL 2","COLEGIUL ECONOMIC ”A.D. XENOPOL”",350,"Alegeri Prezidentiale",1,1201,623,557,66,0,618,5,1004,381,214,68,147,2,89,0,1,2,2,58,4,11,4,16
43,"MUNICIPIUL BUCUREŞTI - SECTOR 2","MUNICIPIUL BUCUREŞTI",179132,"BUCUREŞTI SECTORUL 2","COLEGIUL ECONOMIC ”A.D. XENOPOL”",351,"Alegeri Prezidentiale",1,951,461,411,50,0,459,2,1000,539,166,60,109,2,65,1,0,1,1,33,3,11,3,4
43,"MUNICIPIUL BUCUREŞTI - SECTOR 2","MUNICIPIUL BUCUREŞTI",179132,"BUCUREŞTI SECTORUL 2","COLEGIUL ECONOMIC ”A.D. XENOPOL”",352,"Alegeri Prezidentiale",1,1321,675,600,75,0,669,6,1600,925,254,46,157,2,108,1,1,0,0,82,4,7,2,5
43,"MUNICIPIUL BUCUREŞTI - SECTOR 2","MUNICIPIUL BUCUREŞTI",179132,"BUCUREŞTI SECTORUL 2","COLEGIUL ECONOMIC ”A.D. XENOPOL”",353,"Alegeri Prezidentiale",1,1466,728,648,80,0,723,5,1600,872,248,62,158,0,133,1,4,3,3,72,3,16,3,17
43,"MUNICIPIUL BUCUREŞTI - SECTOR 2","MUNICIPIUL BUCUREŞTI",179132,"BUCUREŞTI SECTORUL 2","DIRECȚIA PUBLICĂ DE EVIDENȚĂ PERSOANE ȘI STARE CIVILĂ SECTOR 2",354,"Alegeri Prezidentiale",1,1414,831,734,96,1,821,10,1600,769,330,71,173,1,119,2,1,0,0,92,5,17,5,5
43,"MUNICIPIUL BUCUREŞTI - SECTOR 2","MUNICIPIUL BUCUREŞTI",179132,"BUCUREŞTI SECTORUL 2","DIRECȚIA PUBLICĂ DE EVIDENȚĂ PERSOANE ȘI STARE CIVILĂ SECTOR 2",355,"Alegeri Prezidentiale",1,1681,822,725,95,2,814,8,1800,978,289,83,229,1,122,2,2,0,1,66,4,10,0,5
43,"MUNICIPIUL BUCUREŞTI - SECTOR 2","MUNICIPIUL BUCUREŞTI",179132,"BUCUREŞTI SECTORUL 2","ŞCOALA GIMNAZIALĂ ”MAICA DOMNULUI” (FOSTA ȘCOALĂ NR. 50)",356,"Alegeri Prezidentiale",1,1446,871,750,121,0,860,11,1800,929,305,68,206,1,150,2,1,0,4,102,5,10,3,3
43,"MUNICIPIUL BUCUREŞTI - SECTOR 2","MUNICIPIUL BUCUREŞTI",179132,"BUCUREŞTI SECTORUL 2","ŞCOALA GIMNAZIALĂ ”MAICA DOMNULUI” (FOSTA ȘCOALĂ NR. 50)",357,"Alegeri Prezidentiale",1,1531,922,797,125,0,912,10,1800,878,258,73,280,2,162,0,6,2,1,109,3,11,1,4
43,"MUNICIPIUL BUCUREŞTI - SECTOR 2","MUNICIPIUL BUCUREŞTI",179132,"BUCUREŞTI SECTORUL 2","ŞCOALA GIMNAZIALĂ ”MAICA DOMNULUI” (FOSTA ȘCOALĂ NR. 50)",358,"Alegeri Prezidentiale",1,1742,934,818,116,0,926,8,1800,866,285,78,235,2,189,1,2,2,1,93,5,15,4,14
43,"MUNICIPIUL BUCUREŞTI - SECTOR 2","MUNICIPIUL BUCUREŞTI",179132,"BUCUREŞTI SECTORUL 2","COLEGIUL NAŢIONAL ”MIHAI VITEAZUL”",359,"Alegeri Prezidentiale",1,1654,1020,722,160,138,1012,8,1800,780,349,94,254,4,177,5,1,3,0,91,5,16,3,10
43,"MUNICIPIUL BUCUREŞTI - SECTOR 2","MUNICIPIUL BUCUREŞTI",179132,"BUCUREŞTI SECTORUL 2","COLEGIUL NAŢIONAL ”MIHAI VITEAZUL”",360,"Alegeri Prezidentiale",1,1429,831,630,144,57,821,10,1600,769,258,82,219,1,137,4,0,3,4,75,4,23,2,9
43,"MUNICIPIUL BUCUREŞTI - SECTOR 2","MUNICIPIUL BUCUREŞTI",179132,"BUCUREŞTI SECTORUL 2","ŞCOALA GIMNAZIALĂ NR. 56",361,"Alegeri Prezidentiale",1,1401,838,715,123,0,830,8,1600,163,268,82,236,8,102,1,4,3,1,89,3,18,3,12
43,"MUNICIPIUL BUCUREŞTI - SECTOR 2","MUNICIPIUL BUCUREŞTI",179132,"BUCUREŞTI SECTORUL 2","ŞCOALA GIMNAZIALĂ NR. 56",362,"Alegeri Prezidentiale",1,1202,653,582,71,0,647,6,1400,747,200,62,165,1,100,3,3,1,1,88,1,16,3,3
43,"MUNICIPIUL BUCUREŞTI - SECTOR 2","MUNICIPIUL BUCUREŞTI",179132,"BUCUREŞTI SECTORUL 2","ŞCOALA GIMNAZIALĂ NR. 85",363,"Alegeri Prezidentiale",1,1016,547,518,29,0,542,5,1200,653,180,45,135,0,87,2,2,0,1,60,2,12,4,12
43,"MUNICIPIUL BUCUREŞTI - SECTOR 2","MUNICIPIUL BUCUREŞTI",179132,"BUCUREŞTI SECTORUL 2","ŞCOALA GIMNAZIALĂ NR. 85",364,"Alegeri Prezidentiale",1,1266,595,554,41,0,593,2,1400,805,209,52,126,2,112,1,2,1,0,71,2,8,0,7
43,"MUNICIPIUL BUCUREŞTI - SECTOR 2","MUNICIPIUL BUCUREŞTI",179132,"BUCUREŞTI SECTORUL 2","ŞCOALA GIMNAZIALĂ NR. 85",365,"Alegeri Prezidentiale",1,1204,671,585,86,0,659,12,1400,729,214,63,143,5,105,4,0,1,1,91,8,16,2,6
43,"MUNICIPIUL BUCUREŞTI - SECTOR 2","MUNICIPIUL BUCUREŞTI",179132,"BUCUREŞTI SECTORUL 2","ŞCOALA GIMNAZIALĂ NR. 85",366,"Alegeri Prezidentiale",1,1114,682,597,85,0,675,7,1200,518,231,57,171,0,112,2,1,0,0,80,1,11,6,3
43,"MUNICIPIUL BUCUREŞTI - SECTOR 2","MUNICIPIUL BUCUREŞTI",179132,"BUCUREŞTI SECTORUL 2","LICEUL TEORETIC ”WALDORF” - GRADINIȚA NR. 113",367,"Alegeri Prezidentiale",1,1260,647,545,102,0,643,4,1400,753,189,64,164,1,115,2,2,1,1,73,7,12,4,8
43,"MUNICIPIUL BUCUREŞTI - SECTOR 2","MUNICIPIUL BUCUREŞTI",179132,"BUCUREŞTI SECTORUL 2","LICEUL TEORETIC ”WALDORF” - GRADINIȚA NR. 113",368,"Alegeri Prezidentiale",1,1812,830,738,92,0,824,6,2000,1170,243,62,278,1,137,3,2,2,3,64,1,20,6,2
